ci_initial,ci_final,elapsed_time,iterations
1,0,8.899248600006104,12
1,0,9.018057584762573,17
1,0,8.869453191757202,19
1,0,8.912302255630493,22
0,0,9.054518938064575,6
1,0,8.840233564376831,16
1,0,8.871646881103516,22
1,0,8.96781611442566,10
1,0,8.98582649230957,15
1,0,8.896862745285034,10
