ci_initial,ci_final,elapsed_time,iterations
2,0,10.601534128189087,14
1,0,10.613643646240234,9
3,0,10.397441625595093,21
2,0,10.663503408432007,8
1,0,10.50431227684021,11
2,0,10.608270168304443,27
0,0,10.517760038375854,6
1,0,10.520716190338135,9
2,0,10.630091428756714,11
2,0,10.455907583236694,8
