ci_initial,ci_final,elapsed_time,iterations
0,0,3.506283760070801,6
0,0,3.5614635944366455,7
0,0,3.309502601623535,6
0,0,3.651972770690918,6
0,0,3.443124771118164,5
0,0,3.468278408050537,5
0,0,3.632319927215576,5
0,0,3.370222806930542,5
0,0,3.361754894256592,5
0,0,3.4520342350006104,6
