ci_initial,ci_final,elapsed_time,iterations
7,0,11.619251012802124,25
7,0,11.73462963104248,19
4,0,11.642632007598877,15
7,0,11.716534614562988,10
7,0,11.830800771713257,24
5,0,11.686151504516602,18
7,0,11.745931148529053,17
5,0,11.669287204742432,26
7,0,11.762007236480713,10
5,0,11.750131130218506,19
