ci_initial,ci_final,elapsed_time,iterations
6,0,6.146933317184448,13
3,0,6.2163519859313965,18
3,0,6.166187524795532,15
4,0,6.304565668106079,26
4,0,6.133343696594238,11
4,0,6.135157346725464,21
5,0,6.209131956100464,24
5,0,6.200447082519531,10
3,0,6.282692909240723,13
4,0,6.145240306854248,9
