ci_initial,ci_final,elapsed_time,iterations
12,0,1.251037836074829,16
13,0,1.3764934539794922,14
13,1,1.252873420715332,15
13,0,1.280747413635254,16
13,0,1.3019459247589111,33
13,0,1.2504713535308838,22
13,0,1.2878086566925049,31
13,0,1.3702044486999512,23
13,0,1.360339879989624,22
13,0,1.3470265865325928,23
