ci_initial,ci_final,elapsed_time,iterations
8,0,1.0736722946166992,11
5,0,1.07845139503479,17
5,0,1.1506059169769287,18
5,0,1.1213927268981934,27
5,0,1.0184094905853271,16
4,0,1.0664074420928955,21
4,0,1.0362045764923096,11
5,0,1.0555033683776855,37
5,0,1.0728347301483154,22
5,0,1.0436515808105469,15
