ci_initial,ci_final,elapsed_time,iterations
3,0,11.008072853088379,8
3,0,10.960090160369873,23
4,0,11.004737377166748,18
5,0,10.926492691040039,20
4,0,10.96870493888855,10
6,0,10.99416708946228,28
6,0,11.02758002281189,28
3,0,11.048207998275757,13
6,0,10.997395277023315,17
5,0,11.107070446014404,22
