ci_initial,ci_final,elapsed_time,iterations
0,0,7.648390531539917,8
0,0,7.7062554359436035,8
0,0,7.836979389190674,8
0,0,7.6963841915130615,8
0,0,7.678385496139526,8
0,0,7.663523197174072,8
0,0,7.832345008850098,8
0,0,7.687840700149536,8
0,0,7.7008421421051025,8
0,0,7.712500333786011,8
