ci_initial,ci_final,elapsed_time,iterations
14,8,41.03523921966553,14
11,10,39.638320207595825,5
13,8,40.31734776496887,8
15,10,40.848305463790894,9
16,11,40.68765926361084,16
10,10,39.96680474281311,4
10,9,40.93535137176514,5
12,10,40.40229940414429,6
15,11,39.77268981933594,13
10,7,39.93648958206177,7
