ci_initial,ci_final,elapsed_time,iterations
1,0,126.05572295188904,3
0,0,122.9692873954773,2
1,0,123.10820746421814,3
2,0,125.3253071308136,4
1,0,120.69543194770813,3
1,0,108.8615186214447,3
1,0,107.92169427871704,3
1,1,107.8432297706604,2
0,0,108.38171458244324,2
1,0,108.31276392936707,3
