ci_initial,ci_final,elapsed_time,iterations
0,0,229.7440721988678,2
1,0,245.5835418701172,3
0,0,249.24774408340454,2
0,0,247.31863641738892,2
0,0,246.83080887794495,2
0,0,243.22975897789001,2
0,0,247.2580087184906,2
0,0,246.26186847686768,2
0,0,247.73339462280273,2
0,0,245.60129308700562,2
