ci_initial,ci_final,elapsed_time,iterations
8,4,45.393288373947144,7
5,4,45.682023763656616,4
6,4,44.8067684173584,7
7,5,44.176493644714355,8
6,3,44.290552377700806,9
7,5,44.19258260726929,6
5,4,43.62563753128052,3
7,4,43.95542860031128,4
7,4,92.70227384567261,7
4,4,53.87059545516968,3
