ci_initial,ci_final,elapsed_time,iterations
20,3,115.04404354095459,8
21,4,114.55979990959167,10
20,3,114.74375867843628,10
21,3,114.32843780517578,9
22,3,114.66531181335449,13
16,2,115.00294375419617,8
20,3,114.60126185417175,8
23,2,114.69140243530273,7
16,2,114.72324681282043,6
18,3,115.49746346473694,7
