ci_initial,ci_final,elapsed_time,iterations
96,65,103.09494996070862,59
97,64,105.82043147087097,50
97,64,109.15989542007446,55
97,63,121.83917927742004,55
97,64,149.07852149009705,57
97,64,109.94537353515625,58
97,63,99.07796001434326,53
96,65,103.90144181251526,51
97,64,97.39814782142639,51
97,65,96.31121563911438,59
