ci_initial,ci_final,elapsed_time,iterations
32,10,16.473576545715332,12
32,12,16.120667457580566,10
34,12,16.37654995918274,9
32,11,16.3382785320282,11
37,12,16.167367458343506,12
37,10,16.136643648147583,9
41,13,16.810982942581177,12
36,12,16.25136637687683,8
35,10,16.89129948616028,9
30,12,15.971293210983276,6
