ci_initial,ci_final,elapsed_time,iterations
24,3,19.887367963790894,6
25,3,19.73506188392639,7
24,4,19.696819067001343,8
18,3,19.905168771743774,10
23,2,19.544649839401245,6
18,3,19.945672512054443,10
21,3,20.08884310722351,8
20,4,19.735164642333984,7
23,4,20.05670404434204,6
21,4,20.10117745399475,7
