ci_initial,ci_final,elapsed_time,iterations
0,0,65.4631757736206,2
0,0,65.90389823913574,2
0,0,65.43246126174927,2
0,0,65.5480637550354,2
0,0,65.18060827255249,2
0,0,65.14824032783508,2
0,0,65.52407670021057,2
0,0,65.2431423664093,2
0,0,65.26945400238037,2
0,0,65.48864388465881,2
