ci_initial,ci_final,elapsed_time,iterations
11,3,107.93589949607849,23
12,2,106.69671583175659,31
11,3,107.09620571136475,28
11,3,108.74169111251831,39
13,3,106.57661437988281,24
8,2,107.08115911483765,35
9,3,106.06528782844543,43
12,3,108.18758058547974,26
13,3,108.04610562324524,45
8,3,109.96691513061523,34
