ci_initial,ci_final,elapsed_time,iterations
6,1,128.08852314949036,14
8,0,130.33649230003357,33
8,0,129.66107726097107,34
5,1,131.4044804573059,33
7,1,129.86549735069275,21
6,1,129.93080043792725,13
5,0,130.51886320114136,27
7,1,129.46769881248474,21
9,1,131.51354265213013,18
7,1,129.05635285377502,13
