ci_initial,ci_final,elapsed_time,iterations
2,0,1521.0703163146973,12
1,0,1702.5472948551178,9
1,0,1925.4423232078552,8
1,0,1367.816030740738,13
1,0,1405.2629687786102,7
1,0,1391.8286056518555,10
0,0,1370.9927225112915,6
0,0,1371.2974436283112,7
1,0,1371.130330324173,10
3,0,1372.208459854126,9
