ci_initial,ci_final,elapsed_time,iterations
17,4,79.19633173942566,53
26,3,76.77142930030823,28
18,2,81.6045892238617,32
20,3,80.12171220779419,27
21,3,78.50703859329224,31
22,4,76.61597967147827,25
19,3,78.15359258651733,15
21,3,76.18865442276001,38
26,2,81.19842410087585,30
21,3,77.75347757339478,17
