ci_initial,ci_final,elapsed_time,iterations
32,3,152.22696781158447,30
32,2,151.0490324497223,21
35,1,154.3366823196411,39
35,3,153.53564167022705,40
36,2,149.8795530796051,46
31,2,151.54464650154114,55
31,2,154.10712122917175,32
29,3,153.65796995162964,48
34,3,152.2426426410675,35
37,3,151.37791872024536,59
