ci_initial,ci_final,elapsed_time,iterations
96,9,170.2191960811615,111
96,8,175.8057370185852,125
96,9,162.75573801994324,100
96,9,164.18873071670532,116
96,9,165.8990912437439,113
96,9,165.04370093345642,115
96,9,167.32109713554382,109
96,7,160.8243453502655,82
96,7,168.67940139770508,91
96,9,164.7823841571808,85
