ci_initial,ci_final,elapsed_time,iterations
33,3,61.35687494277954,59
36,2,58.49994087219238,30
40,4,59.108840227127075,32
35,2,54.65459847450256,26
41,4,58.610795974731445,29
32,3,60.50272870063782,64
35,3,56.74948024749756,40
43,4,56.908167600631714,41
40,4,57.50934457778931,53
39,3,56.014057874679565,40
