ci_initial,ci_final,elapsed_time,iterations
36,2,59.91456604003906,29
34,1,55.30090403556824,23
33,3,62.676581621170044,34
31,3,56.9419150352478,33
35,3,57.42674684524536,40
30,3,57.975380659103394,27
29,2,56.635908365249634,43
29,3,61.166086196899414,26
34,3,60.684170722961426,32
32,3,56.468053340911865,58
