ci_initial,ci_final,elapsed_time,iterations
7,1,88.31123661994934,23
10,1,89.16765236854553,33
7,0,88.80062818527222,33
7,1,88.85542798042297,25
6,1,90.02642560005188,18
8,1,90.54471492767334,28
6,1,89.4423177242279,24
7,1,89.68023705482483,29
8,1,88.9902081489563,30
8,1,90.11602973937988,14
