ci_initial,ci_final,elapsed_time,iterations
2,0,8.214844226837158,12
0,0,8.342329025268555,3
0,0,8.200473546981812,4
2,0,8.209557056427002,11
1,0,8.237380266189575,12
1,1,8.363354206085205,6
2,0,8.216176509857178,15
1,0,8.176092147827148,10
0,0,8.222757577896118,3
2,0,8.313854217529297,8
