ci_initial,ci_final,elapsed_time,iterations
0,0,1.5310823917388916,5
1,0,1.4872550964355469,5
0,0,1.4546928405761719,4
1,0,1.4803426265716553,12
1,0,1.4845471382141113,5
1,0,1.4811127185821533,7
1,0,1.479398250579834,5
1,0,1.4678394794464111,4
0,0,1.472487449645996,4
0,0,1.4693925380706787,4
