ci_initial,ci_final,elapsed_time,iterations
0,0,2.496926784515381,4
0,0,2.574681520462036,4
0,0,2.6631686687469482,5
1,0,2.6034457683563232,7
0,0,2.5533604621887207,3
0,0,2.6148836612701416,4
0,0,2.638263702392578,4
0,0,2.678830146789551,4
2,0,2.577395439147949,6
0,0,2.5825161933898926,5
