ci_initial,ci_final,elapsed_time,iterations
2,0,1.0369644165039062,13
2,0,1.0335075855255127,6
1,0,1.038109540939331,7
3,0,1.037191390991211,9
3,0,1.0390329360961914,7
2,0,1.0404095649719238,12
1,0,1.0832486152648926,9
1,0,1.0351054668426514,7
2,0,1.0586092472076416,6
1,0,1.1110424995422363,7
