ci_initial,ci_final,elapsed_time,iterations
5,0,3.8734288215637207,10
3,0,3.8639767169952393,11
5,0,3.8913230895996094,13
5,0,3.9768848419189453,9
5,0,3.9343698024749756,11
4,0,3.8563711643218994,10
5,0,3.864197254180908,15
4,0,3.8640565872192383,19
5,0,3.8807520866394043,8
5,0,3.8592722415924072,9
