ci_initial,ci_final,elapsed_time,iterations
7,0,0.8297791481018066,11
8,1,0.866591215133667,18
8,0,0.7939400672912598,26
8,0,0.770784854888916,11
8,0,0.863969087600708,15
9,1,0.8155655860900879,10
6,1,0.784945011138916,10
6,1,0.7865235805511475,7
4,0,0.8353092670440674,6
4,1,0.8000879287719727,6
