ci_initial,ci_final,elapsed_time,iterations
19,4,1.2842309474945068,28
19,4,1.2883296012878418,27
19,4,1.2073895931243896,31
19,4,1.2125117778778076,25
19,3,1.2027978897094727,26
19,3,1.2090415954589844,30
19,2,1.2504112720489502,30
19,2,1.2503933906555176,36
19,3,1.2169010639190674,22
19,4,1.2828474044799805,28
