ci_initial,ci_final,elapsed_time,iterations
5,0,0.7828476428985596,5
6,0,0.7603592872619629,11
6,0,0.7657697200775146,11
3,0,0.7642314434051514,7
4,0,0.8125667572021484,9
7,0,0.7878987789154053,7
5,0,0.7795791625976562,10
6,0,0.7568702697753906,8
6,0,0.7844786643981934,13
6,0,0.7869746685028076,13
