ci_initial,ci_final,elapsed_time,iterations
0,0,9.1976158618927,4
0,0,9.382469177246094,4
0,0,9.239807844161987,4
0,0,9.212778091430664,4
0,0,9.393251895904541,3
0,0,9.233278274536133,3
0,0,9.28149676322937,4
0,0,9.370299577713013,3
0,0,9.341720342636108,3
0,0,9.252461433410645,4
