ci_initial,ci_final,elapsed_time,iterations
1,0,8.319144487380981,3
2,0,7.056762218475342,3
1,0,7.469526767730713,3
1,0,7.114246845245361,3
2,0,7.419916391372681,3
1,0,7.786480665206909,3
1,0,7.1999547481536865,3
1,0,7.598033905029297,3
1,0,7.4085187911987305,3
1,0,7.67941689491272,3
