ci_initial,ci_final,elapsed_time,iterations
0,0,4.58600640296936,2
0,0,4.676307916641235,2
0,0,4.46016788482666,2
0,0,4.9768829345703125,2
0,0,4.3107945919036865,2
0,0,4.423661231994629,2
0,0,5.150336742401123,2
0,0,4.072813272476196,2
0,0,4.6730055809021,2
0,0,4.3519673347473145,2
