ci_initial,ci_final,elapsed_time,iterations
0,0,1.4846584796905518,2
0,0,1.4875247478485107,2
0,0,1.4585175514221191,2
0,0,1.455122470855713,2
0,0,1.433304786682129,2
0,0,1.5491433143615723,2
0,0,1.450742244720459,2
0,0,1.4339122772216797,2
0,0,1.420858383178711,2
0,0,1.4725720882415771,2
