ci_initial,ci_final,elapsed_time,iterations
0,0,4.2339653968811035,2
0,0,4.015303373336792,2
0,0,4.043773889541626,2
0,0,3.6897435188293457,2
0,0,3.814182758331299,2
0,0,3.7336225509643555,2
0,0,3.802323579788208,2
0,0,3.967080593109131,2
0,0,3.8536229133605957,2
0,0,4.190011262893677,2
