ci_initial,ci_final,elapsed_time,iterations
3,0,2.3904502391815186,3
2,0,1.6154639720916748,3
1,0,1.620220422744751,3
1,0,1.655993938446045,3
2,0,1.609253168106079,4
1,0,1.6146271228790283,3
2,0,2.0644936561584473,3
0,0,1.5531253814697266,2
5,0,1.7622992992401123,4
2,0,2.5382823944091797,3
