ci_initial,ci_final,elapsed_time,iterations
3,1,0.4845139980316162,3
3,1,0.46584534645080566,4
7,1,0.4933626651763916,5
6,1,0.5433666706085205,4
6,1,0.5566055774688721,5
4,1,0.4769117832183838,4
4,1,0.602501630783081,4
6,1,0.5489068031311035,3
5,1,0.4803130626678467,4
2,0,0.5580892562866211,3
