ci_initial,ci_final,elapsed_time,iterations
12,2,0.6642823219299316,3
14,1,0.5847992897033691,4
13,2,0.6083173751831055,5
13,1,0.643291711807251,6
13,2,0.6424198150634766,7
12,1,0.6039857864379883,5
14,2,0.5835080146789551,7
13,1,0.5555629730224609,3
14,2,0.5694894790649414,3
12,2,0.5799911022186279,5
