ci_initial,ci_final,elapsed_time,iterations
0,0,5.178241968154907,2
2,1,5.229739665985107,3
1,0,5.2224016189575195,3
2,0,4.606693983078003,4
2,0,4.564978122711182,3
1,0,4.668123245239258,3
4,1,5.164568185806274,4
2,0,4.836972951889038,4
2,0,5.482685804367065,3
2,0,5.511644601821899,4
