ci_initial,ci_final,elapsed_time,iterations
0,0,6.834692478179932,1
0,0,8.982599020004272,1
0,0,7.035548210144043,1
0,0,6.867479562759399,1
0,0,6.756761074066162,1
0,0,6.988696336746216,1
0,0,7.086652755737305,1
0,0,6.930427074432373,1
0,0,8.242425441741943,1
0,0,9.984443187713623,1
