ci_initial,ci_final,elapsed_time,iterations
3,0,8.940585613250732,5
2,0,8.224039077758789,4
2,0,8.826720476150513,3
1,0,8.28136134147644,3
2,0,8.761690616607666,4
2,0,8.736910581588745,6
1,0,8.73444151878357,4
2,0,8.797909259796143,4
2,0,8.596432447433472,3
2,0,8.670238018035889,4
