ci_initial,ci_final,elapsed_time,iterations
0,0,5.206721067428589,3
0,0,4.900914907455444,2
0,0,5.323514699935913,3
0,0,5.618225574493408,2
0,0,5.048033237457275,2
0,0,5.0320305824279785,2
0,0,5.700906991958618,3
0,0,5.623044490814209,2
0,0,5.302433252334595,3
0,0,5.178572177886963,2
