ci_initial,ci_final,elapsed_time,iterations
5,1,1.6266658306121826,12
5,1,1.6581265926361084,12
5,1,1.685807228088379,12
5,0,1.7307536602020264,12
5,1,1.9222161769866943,7
5,0,1.7025434970855713,12
4,2,1.6883916854858398,9
6,0,1.6291227340698242,12
5,2,1.6961357593536377,9
5,1,1.7322204113006592,14
