ci_initial,ci_final,elapsed_time,iterations
0,0,6.094966888427734,3
0,0,6.426728963851929,3
0,0,7.176140308380127,3
0,0,6.169666767120361,3
0,0,6.1518847942352295,3
0,0,5.921598196029663,3
0,0,6.249896764755249,3
0,0,5.873516321182251,3
0,0,6.030330181121826,3
0,0,6.816910028457642,3
