ci_initial,ci_final,elapsed_time,iterations
3,2,7.740562915802002,7
3,4,7.517521858215332,8
5,3,7.676662921905518,6
5,3,7.746275424957275,6
5,3,7.659731864929199,6
3,4,7.690408706665039,9
6,4,7.861282825469971,8
3,4,8.08900237083435,6
5,3,7.513819456100464,4
3,4,7.627053260803223,8
