ci_initial,ci_final,elapsed_time,iterations
7,1,1.084550142288208,14
7,0,1.0117688179016113,11
7,1,0.9292011260986328,14
7,1,0.9040615558624268,14
7,1,0.9320759773254395,14
7,1,0.9297158718109131,14
7,0,0.9127151966094971,11
7,0,0.9264090061187744,11
7,1,0.9247579574584961,14
7,0,0.904555082321167,5
