ci_initial,ci_final,elapsed_time,iterations
3,4,0.6440198421478271,8
4,2,0.6674790382385254,8
3,4,0.6777021884918213,7
4,2,0.6519689559936523,8
4,2,0.6948790550231934,8
2,1,0.6703536510467529,4
2,2,0.6702256202697754,7
3,2,0.8420131206512451,9
3,2,0.7208800315856934,7
5,2,0.6722378730773926,6
