ci_initial,ci_final,elapsed_time,iterations
5,2,7.73284912109375,8
5,3,8.096651077270508,6
5,3,7.631683826446533,4
5,4,7.206876516342163,9
5,3,7.603542327880859,6
5,2,7.430356979370117,8
5,3,6.989736318588257,6
5,4,7.113246202468872,10
5,4,7.568525075912476,8
5,4,7.820739507675171,5
