ci_initial,ci_final,elapsed_time,iterations
4,4,5.112252473831177,2
4,4,4.929102897644043,2
4,4,4.875463008880615,2
4,4,5.442363500595093,2
4,4,4.770623683929443,2
4,4,5.075202703475952,2
4,4,4.722947359085083,2
4,4,4.7912445068359375,2
4,4,5.082310438156128,2
4,4,4.925303220748901,2
