ci_initial,ci_final,elapsed_time,iterations
1,0,8.07377004623413,13
0,0,7.983294725418091,3
1,0,8.035566806793213,18
0,0,8.194397687911987,3
1,0,8.069688320159912,12
1,0,8.041694402694702,12
1,0,8.03633427619934,9
1,0,8.165592193603516,7
0,0,8.039451837539673,3
0,0,8.060785293579102,3
