ci_initial,ci_final,elapsed_time,iterations
0,0,7.635633945465088,3
0,0,7.747197389602661,3
0,0,7.329718351364136,3
0,0,7.482048749923706,3
0,0,7.317788362503052,3
0,0,7.7625157833099365,4
0,0,7.533182621002197,3
0,0,7.448437690734863,3
0,0,7.083073616027832,3
0,0,7.3568809032440186,3
