ci_initial,ci_final,elapsed_time,iterations
0,0,2.6288673877716064,3
0,0,2.7176456451416016,2
0,0,2.68105411529541,2
0,0,2.5846128463745117,2
0,0,2.631239652633667,3
0,0,2.623800277709961,3
0,0,2.6905057430267334,3
0,0,2.591982126235962,3
0,0,2.5454530715942383,3
0,0,2.6206395626068115,2
