ci_initial,ci_final,elapsed_time,iterations
1,0,8.979753494262695,8
2,0,8.475413084030151,6
1,0,8.489033460617065,8
1,0,8.919902086257935,8
1,0,8.689991235733032,8
1,0,8.830053806304932,8
1,0,8.92592453956604,8
1,0,8.896756410598755,8
1,0,9.284496784210205,8
1,0,8.85230040550232,8
