ci_initial,ci_final,elapsed_time,iterations
5,0,6.060954570770264,17
4,0,5.893548011779785,9
4,0,5.98914647102356,5
2,0,5.899549245834351,6
2,0,5.885255336761475,7
3,0,6.034963130950928,6
4,0,5.90588116645813,18
2,0,5.931982517242432,5
6,0,6.009145259857178,7
4,0,5.934172630310059,18
