ci_initial,ci_final,elapsed_time,iterations
13,2,1.4991354942321777,22
13,2,1.4557178020477295,18
12,2,1.3661062717437744,26
13,2,1.278259515762329,10
12,2,1.283820629119873,12
13,2,1.2615516185760498,25
12,2,1.3081064224243164,9
12,2,1.3405823707580566,52
12,1,1.2881100177764893,15
12,2,1.291712999343872,15
