ci_initial,ci_final,elapsed_time,iterations
4,0,0.8185896873474121,7
5,0,0.779984712600708,17
5,0,0.8024413585662842,12
3,0,0.7838399410247803,13
4,0,0.787390947341919,11
5,1,0.8120114803314209,7
4,0,0.7926220893859863,13
4,0,0.777184247970581,7
4,0,0.8023159503936768,23
3,0,0.7865092754364014,5
