ci_initial,ci_final,elapsed_time,iterations
2,0,9.819523096084595,7
4,0,9.728408336639404,14
2,0,9.756902694702148,12
4,0,9.58739686012268,4
4,0,9.678593873977661,8
3,0,10.063901662826538,4
3,0,9.69757342338562,10
5,0,9.768741130828857,16
5,0,9.851307392120361,16
3,0,10.03171706199646,7
