ci_initial,ci_final,elapsed_time,iterations
0,0,7.049448490142822,3
0,0,7.038017511367798,3
0,0,6.886603116989136,3
0,0,6.902572393417358,2
0,0,6.915463924407959,3
0,0,7.075106143951416,2
0,0,6.9145121574401855,2
0,0,7.2614006996154785,3
0,0,6.955491304397583,2
0,0,7.098006010055542,3
