ci_initial,ci_final,elapsed_time,iterations
5,3,10.866638898849487,12
4,2,11.50753903388977,20
6,3,11.111471176147461,18
5,3,11.385921955108643,22
6,3,11.072278022766113,22
4,3,11.505006790161133,10
4,2,11.491544485092163,10
6,4,11.17739725112915,23
6,3,11.495404720306396,15
4,2,11.383333444595337,9
