ci_initial,ci_final,elapsed_time,iterations
2,0,11.044462203979492,4
1,0,11.046365737915039,8
0,0,11.066420555114746,4
0,0,10.997918844223022,5
2,0,11.098324060440063,9
0,0,11.085255146026611,5
1,0,11.048657178878784,4
2,0,11.017923593521118,5
3,0,11.070464134216309,10
0,0,11.008522033691406,5
