ci_initial,ci_final,elapsed_time,iterations
1,0,12.877747058868408,6
0,0,12.52826476097107,4
1,0,12.947634220123291,8
2,0,12.626253366470337,5
0,0,12.70659351348877,4
0,0,12.347880601882935,4
0,0,12.984282732009888,4
0,0,12.395751476287842,4
1,0,12.71928095817566,7
0,0,12.570823192596436,4
