ci_initial,ci_final,elapsed_time,iterations
5,0,13.18420934677124,8
3,1,12.809123516082764,17
3,1,13.087718963623047,13
2,1,13.128538131713867,13
7,1,12.745403051376343,13
5,1,13.0747709274292,17
4,0,13.219597578048706,11
3,0,12.889260292053223,7
2,1,12.805789470672607,8
5,1,13.21100640296936,7
