ci_initial,ci_final,elapsed_time,iterations
14,2,9.341750621795654,17
17,1,9.417760133743286,18
15,3,9.51189398765564,15
14,2,9.419661521911621,13
13,3,9.452645063400269,18
13,3,9.489810943603516,20
14,2,9.517678022384644,16
15,2,9.515790462493896,9
19,2,9.446598529815674,15
17,3,9.627270460128784,14
