ci_initial,ci_final,elapsed_time,iterations
23,3,2.0808539390563965,17
14,2,1.932887315750122,9
16,2,1.9363479614257812,15
22,4,2.0091207027435303,23
16,2,1.8688092231750488,19
18,3,1.9843711853027344,12
18,3,1.9469678401947021,16
16,3,1.925781011581421,13
18,3,2.0013623237609863,18
19,3,1.925527811050415,16
