ci_initial,ci_final,elapsed_time,iterations
48,14,4.098891258239746,32
48,11,4.083938837051392,62
47,11,4.121453046798706,43
47,11,3.9833884239196777,27
47,11,4.031898736953735,38
48,12,3.942903518676758,38
47,8,3.928297758102417,47
48,11,3.963897943496704,39
47,12,4.028272390365601,42
48,11,4.104380369186401,47
