ci_initial,ci_final,elapsed_time,iterations
11,3,11.492820262908936,18
17,1,11.44359540939331,9
13,3,11.310556650161743,20
16,3,11.459242582321167,10
19,3,11.45676064491272,13
17,3,11.329519748687744,22
17,2,11.38217043876648,11
14,2,11.420721054077148,24
18,2,11.388676881790161,29
11,2,11.528713464736938,15
