ci_initial,ci_final,elapsed_time,iterations
0,0,23.837781190872192,4
0,0,24.73339533805847,4
0,0,23.882861137390137,4
0,0,23.87194514274597,3
0,0,23.72548818588257,4
0,0,23.57242202758789,3
0,0,23.3390052318573,4
0,0,23.54667377471924,4
0,0,23.94993495941162,3
0,0,23.569118976593018,3
