ci_initial,ci_final,elapsed_time,iterations
1,0,8.538684368133545,5
1,0,8.572985887527466,8
0,0,8.493013858795166,4
1,0,8.453513145446777,13
1,0,8.608510255813599,11
1,0,8.501766443252563,8
1,0,8.43244457244873,11
0,0,8.452200889587402,3
0,0,8.583372831344604,4
1,0,8.459009408950806,10
