ci_initial,ci_final,elapsed_time,iterations
0,0,8.934321880340576,5
0,0,9.18400239944458,4
0,0,9.056592226028442,4
2,0,9.341406345367432,6
0,0,9.219558000564575,5
1,0,9.149432897567749,8
1,0,8.975008249282837,14
0,0,9.029594898223877,5
1,0,8.692814111709595,6
1,0,9.130308151245117,25
