ci_initial,ci_final,elapsed_time,iterations
0,0,3.39302921295166,3
1,0,3.0908050537109375,5
0,0,3.2061116695404053,3
0,0,3.1807100772857666,3
0,0,3.1744234561920166,3
0,0,3.1353371143341064,3
0,0,3.2660489082336426,3
0,0,3.162691593170166,3
0,0,3.4778270721435547,3
0,0,3.4482133388519287,3
