ci_initial,ci_final,elapsed_time,iterations
3,0,11.204526424407959,9
2,0,10.892430067062378,18
2,0,11.274308681488037,18
3,0,11.167745351791382,9
2,0,10.966639995574951,11
2,0,11.09238338470459,18
2,0,11.191421747207642,18
3,0,11.121424198150635,9
1,0,11.180058002471924,12
3,0,10.839974403381348,9
