ci_initial,ci_final,elapsed_time,iterations
4,0,6.143775939941406,11
4,0,6.033184051513672,15
6,0,6.080096006393433,27
5,0,6.041837215423584,7
4,0,6.145047187805176,24
4,0,6.119262456893921,16
4,0,6.045732021331787,16
5,0,6.080780982971191,11
2,0,6.012320518493652,6
5,0,6.069095849990845,7
