ci_initial,ci_final,elapsed_time,iterations
14,0,1.218724012374878,19
14,0,1.2094764709472656,41
14,0,1.2422184944152832,20
14,0,1.2379186153411865,20
14,0,1.2339987754821777,29
14,0,1.2355444431304932,11
14,0,1.2869203090667725,27
14,0,1.2281031608581543,16
14,1,1.2025086879730225,20
14,0,1.3043420314788818,15
