ci_initial,ci_final,elapsed_time,iterations
7,0,0.9297137260437012,25
4,0,0.9090433120727539,27
6,0,0.9071927070617676,9
5,0,0.9263741970062256,16
6,0,0.9327189922332764,21
4,0,0.9378280639648438,9
4,0,0.9449193477630615,11
6,0,0.9646701812744141,32
4,0,0.9596037864685059,9
6,0,1.0146028995513916,8
