ci_initial,ci_final,elapsed_time,iterations
5,0,10.59705376625061,15
3,0,10.704261779785156,27
4,0,10.673842906951904,11
3,0,10.65294599533081,23
3,0,10.574343204498291,16
2,0,10.767471313476562,16
4,0,10.686354637145996,9
4,0,10.848299264907837,5
4,0,10.546051979064941,19
6,0,10.747532606124878,7
