ci_initial,ci_final,elapsed_time,iterations
0,0,7.409248113632202,3
0,0,7.396595001220703,3
0,0,7.383376121520996,3
0,0,7.610625982284546,3
0,0,7.410809516906738,3
0,0,7.3515777587890625,3
0,0,7.39874267578125,3
0,0,7.56521463394165,3
0,0,7.457403659820557,3
0,0,7.3469038009643555,3
