ci_initial,ci_final,elapsed_time,iterations
2,1,13.92408561706543,10
3,2,11.805810689926147,19
4,2,12.355605363845825,15
3,1,12.291376113891602,21
5,1,12.471747875213623,23
4,1,11.831672668457031,14
3,1,11.903872966766357,17
2,1,14.947789907455444,5
3,1,13.24734616279602,11
4,1,12.19215202331543,12
