ci_initial,ci_final,elapsed_time,iterations
0,0,15.683620691299438,4
0,0,15.353309631347656,4
1,0,16.844305515289307,5
1,0,12.484519720077515,13
1,0,15.090001583099365,6
0,0,16.44976806640625,4
1,0,12.083827018737793,6
1,0,11.711794376373291,5
0,0,12.586398839950562,4
1,0,12.900952577590942,6
