ci_initial,ci_final,elapsed_time,iterations
0,0,7.579323053359985,4
0,0,7.654507398605347,4
2,0,7.328765630722046,10
0,0,7.828794956207275,4
1,0,7.399645090103149,12
1,0,7.283730983734131,7
0,0,7.99948787689209,4
0,0,7.267639636993408,4
0,0,7.510618209838867,4
0,0,7.857488632202148,4
