ci_initial,ci_final,elapsed_time,iterations
4,1,12.447170972824097,8
2,0,12.525394201278687,6
3,0,12.605924844741821,7
1,1,12.615370988845825,8
2,0,17.474806785583496,6
2,1,15.779887437820435,7
3,1,19.724595069885254,10
2,0,23.270289182662964,6
2,0,26.51882839202881,6
4,0,20.321466207504272,10
