ci_initial,ci_final,elapsed_time,iterations
6,1,9.022571086883545,9
10,1,11.044318199157715,9
12,1,6.932359933853149,15
8,1,7.004481077194214,9
9,1,7.577793121337891,14
9,1,7.710054636001587,14
12,1,7.196881532669067,20
13,1,7.071657657623291,11
10,2,6.8658013343811035,9
10,1,7.2651636600494385,11
