ci_initial,ci_final,elapsed_time,iterations
16,3,1.463634967803955,15
14,2,1.6203830242156982,17
15,2,1.4976918697357178,25
12,1,1.5174131393432617,19
12,2,1.4410805702209473,10
15,2,1.583418369293213,24
14,1,1.476179838180542,13
11,1,1.369006872177124,10
12,1,1.425840139389038,21
14,2,1.4148173332214355,15
