ci_initial,ci_final,elapsed_time,iterations
33,8,3.332888603210449,41
33,7,3.2864553928375244,55
33,8,4.443058490753174,57
33,6,3.2335593700408936,75
33,7,3.201441764831543,49
33,8,3.285468339920044,45
33,8,3.0324878692626953,53
33,7,3.4386847019195557,54
33,8,3.546966791152954,43
33,7,3.166119337081909,73
