ci_initial,ci_final,elapsed_time,iterations
13,1,15.369712352752686,10
9,2,12.782483577728271,14
10,1,16.814982414245605,14
8,1,12.390812635421753,14
12,1,14.749626874923706,16
10,1,11.433040380477905,10
13,1,11.372917890548706,10
10,2,12.168178796768188,20
11,2,12.925029993057251,15
8,1,11.617511987686157,27
