ci_initial,ci_final,elapsed_time,iterations
0,0,29.424113512039185,4
0,0,17.75492262840271,4
0,0,18.190462827682495,4
0,0,19.11796236038208,4
0,0,17.406665802001953,4
0,0,18.386257886886597,4
0,0,22.132413148880005,4
0,0,18.371870756149292,4
0,0,17.01748824119568,4
0,0,17.259957313537598,4
