ci_initial,ci_final,elapsed_time,iterations
1,0,10.158352851867676,17
1,0,9.773725986480713,16
0,0,10.204615116119385,6
1,0,10.694395065307617,15
0,0,10.077040195465088,6
0,0,10.417251825332642,6
0,0,10.191038846969604,4
0,0,13.035890340805054,7
0,0,25.777768850326538,6
0,0,10.26236367225647,6
