ci_initial,ci_final,elapsed_time,iterations
4,0,11.24956226348877,17
0,0,11.341827630996704,8
1,0,12.646013498306274,11
3,0,11.49261999130249,21
1,0,11.914596796035767,9
0,0,11.574205160140991,9
0,0,13.971023797988892,8
0,0,11.401344299316406,8
2,0,14.184557437896729,35
1,0,11.5468270778656,12
