ci_initial,ci_final,elapsed_time,iterations
0,0,3.819462299346924,7
0,0,5.021204471588135,9
1,0,4.228343963623047,8
0,0,4.6731109619140625,8
0,0,4.371424198150635,9
0,0,4.065176486968994,8
0,0,3.9033849239349365,8
0,0,3.755540609359741,8
0,0,3.884998083114624,9
0,0,5.00683331489563,6
