ci_initial,ci_final,elapsed_time,iterations
9,0,12.36677861213684,24
8,0,12.921416997909546,19
6,0,12.330997228622437,20
8,0,12.458833932876587,28
7,0,12.466277122497559,25
7,0,12.566563129425049,24
7,0,12.267356157302856,29
7,0,12.359734296798706,18
8,0,12.408375024795532,25
10,0,13.004828691482544,24
