ci_initial,ci_final,elapsed_time,iterations
5,0,6.532343864440918,24
3,0,6.516963720321655,13
5,0,6.834169864654541,25
5,0,7.151178359985352,34
5,0,6.682018280029297,17
4,0,6.5108418464660645,12
4,0,6.860054016113281,35
5,0,7.11875057220459,14
4,0,7.659398078918457,17
5,0,7.483725070953369,15
