ci_initial,ci_final,elapsed_time,iterations
14,0,1.7969179153442383,19
14,0,1.6044397354125977,16
14,0,1.7087435722351074,36
14,0,1.573272943496704,24
14,0,1.6469628810882568,30
14,0,1.6641833782196045,21
14,0,1.6110038757324219,20
14,0,1.9336681365966797,35
14,0,1.7337367534637451,21
14,0,1.6206822395324707,26
