ci_initial,ci_final,elapsed_time,iterations
4,0,1.3611369132995605,22
5,0,1.3350975513458252,25
6,0,1.4280447959899902,17
4,0,1.3020641803741455,14
2,0,1.344651460647583,27
5,0,1.6901166439056396,20
6,0,1.4508259296417236,12
4,0,1.4042835235595703,17
6,0,1.4211702346801758,33
5,0,1.3682217597961426,14
