ci_initial,ci_final,elapsed_time,iterations
3,0,11.5252103805542,27
2,0,11.58209228515625,12
3,0,12.16179633140564,11
4,0,11.576330661773682,18
3,0,11.569190502166748,11
5,0,13.372516632080078,22
5,0,11.896697282791138,14
7,0,11.380651473999023,11
5,0,11.531720638275146,30
5,0,11.427536964416504,14
