ci_initial,ci_final,elapsed_time,iterations
0,0,9.07517147064209,8
0,0,9.127290487289429,8
0,0,15.4427649974823,8
1,0,8.61559009552002,14
0,0,10.069669246673584,8
0,0,9.029019117355347,8
0,0,10.048148155212402,8
0,0,8.41394305229187,8
0,0,8.331398487091064,8
0,0,9.226914405822754,8
